-- phpMyAdmin SQL Dump
-- version 3.4.10.1
-- http://www.phpmyadmin.net
--
-- Client: localhost
-- Généré le : Mar 01 Janvier 2013 à 18:24
-- Version du serveur: 5.5.20
-- Version de PHP: 5.3.10

SET SQL_MODE="NO_AUTO_VALUE_ON_ZERO";
SET time_zone = "+00:00";


/*!40101 SET @OLD_CHARACTER_SET_CLIENT=@@CHARACTER_SET_CLIENT */;
/*!40101 SET @OLD_CHARACTER_SET_RESULTS=@@CHARACTER_SET_RESULTS */;
/*!40101 SET @OLD_COLLATION_CONNECTION=@@COLLATION_CONNECTION */;
/*!40101 SET NAMES utf8 */;

--
-- Base de données: `sucrerie`
--

-- --------------------------------------------------------

--
-- Structure de la table `client`
--

CREATE TABLE IF NOT EXISTS `client` (
  `code_c` int(11) NOT NULL DEFAULT '0' COMMENT 'Code du client',
  `nom` varchar(35) CHARACTER SET utf8 DEFAULT NULL COMMENT 'Nom du client',
  `adresse` varchar(50) CHARACTER SET utf8 DEFAULT NULL COMMENT 'Adresse du client',
  `cp` varchar(5) CHARACTER SET utf8 DEFAULT NULL COMMENT 'Code postal du client',
  `ville` varchar(25) CHARACTER SET utf8 DEFAULT NULL COMMENT 'Ville du client',
  `telephone` varchar(16) CHARACTER SET utf8 DEFAULT NULL COMMENT 'Téléphone du client',
  PRIMARY KEY (`code_c`)
) ENGINE=InnoDB DEFAULT CHARSET=latin1;

--
-- Contenu de la table `client`
--

INSERT INTO `client` (`code_c`, `nom`, `adresse`, `cp`, `ville`, `telephone`) VALUES
(17, 'TARINAUX Lucien', '12 rue de la Justice', '51100', 'REIMS', '03.26.25.48.87'),
(46, 'MARTUSE', '103 avenue Lear', '51100', 'REIMS', '03.26.03.25.26'),
(47, 'RABIN Sandrine', '21 rue de la Méditerranée', '51100', 'REIMS', '03.26.14.15.25'),
(48, 'SILLARD Laurence', '15 rue Pasentiers', '51100', 'REIMS', '03.26.11.11.25'),
(49, 'COTOY Sylvie', '12 rue des écus', '51100', 'REIMS', '03.26.10.25.75'),
(50, 'HELLOU Bernard', '21 rue de la Méditerranée', '51100', 'REIMS', '03.26.12.25.42'),
(51, 'HENTION Martine', '50 allée des bons enfants', '51100', 'REIMS', '03.26.12.25.86'),
(52, 'SIBAT Evelyne', '14 rue de la Baltique', '51100', 'REIMS', '03.26.12.23.33'),
(53, 'MARIN Dominique', '24 rue de la Baltique', '51100', 'REIMS', '03.26.10.10.23'),
(54, 'DURDUX Monique', '15 allée des Béarnais', '51150', 'VITRY LE FRANCOIS', '03.26.42.42.33'),
(55, 'CANILLE Walter', '14 rue Lanterneau', '51100', 'REIMS', '03.26.12.12.87'),
(56, 'BOUQUET Antoinette', '1, rue de la Méditerranée', '51140', 'ROMAIN', '03.26.78.89.54'),
(57, 'GAUTON Nadine', '5 place des Oiseaux', '51200', 'FISMES', '03.26.53.56.55'),
(58, 'LEGROS Christian', '18 place des Oiseaux', '51200', 'FISMES', '03.26.44.55.66'),
(59, 'DUMOITIERS Lucille', '12 place Centrale', '02320', 'LONGUEVAL', '03.26.86.43.25'),
(60, 'BOUCHE Carole', '4, rue Brulé', '51200', 'FISMES', '03.26.33.96.85');

-- --------------------------------------------------------

--
-- Structure de la table `commande`
--

CREATE TABLE IF NOT EXISTS `commande` (
  `numero` int(11) NOT NULL DEFAULT '0' COMMENT 'Numéro de la commande',
  `code_v` int(11) NOT NULL DEFAULT '0' COMMENT 'Indiquer le vendeur',
  `code_c` int(11) NOT NULL DEFAULT '0' COMMENT 'Indiquer le client',
  `date_livraison` datetime DEFAULT NULL COMMENT 'Indiquer la date de livraison',
  `date_commande` datetime DEFAULT NULL COMMENT 'Indiquer la date de commande',
  `total_ht` double DEFAULT '0' COMMENT 'Total facture hors taxes',
  `total_tva` double DEFAULT '0' COMMENT 'Total tva',
  `etat` tinyint(3) unsigned DEFAULT '0' COMMENT '0 stock non actualisé 1 stock MAJ',
  PRIMARY KEY (`numero`),
  KEY `clientcommande` (`code_c`),
  KEY `vendeurcommande` (`code_v`)
) ENGINE=InnoDB DEFAULT CHARSET=latin1;

--
-- Contenu de la table `commande`
--

INSERT INTO `commande` (`numero`, `code_v`, `code_c`, `date_livraison`, `date_commande`, `total_ht`, `total_tva`, `etat`) VALUES
(10178, 15, 47, '1998-09-05 00:00:00', '2008-09-05 00:00:00', 177, 9.75, 1),
(10179, 15, 47, '1998-10-13 00:00:00', '2008-10-13 00:00:00', 192, 10.5, 1),
(10180, 15, 48, '1998-10-10 00:00:00', '2008-10-10 00:00:00', 98, 5.4, 1),
(10181, 15, 49, '1998-10-11 00:00:00', '2008-10-11 00:00:00', 175, 9.6, 1),
(10182, 15, 50, '1998-10-11 00:00:00', '2008-10-11 00:00:00', 116, 6.4, 1),
(10183, 15, 51, '1998-10-11 00:00:00', '2008-10-11 00:00:00', 118, 6.5, 1),
(10184, 15, 52, '1998-10-12 00:00:00', '2008-10-12 00:00:00', 102, 5.6, 1),
(10185, 15, 53, '1998-10-12 00:00:00', '2008-10-12 00:00:00', 19, 1.05, 1),
(10186, 15, 54, '1998-10-10 00:00:00', '2008-10-10 00:00:00', 101, 5.555, 1),
(10187, 15, 55, '1998-10-10 00:00:00', '2008-10-10 00:00:00', 65, 3.575, 1),
(10188, 17, 56, '1998-10-12 00:00:00', '2008-10-12 00:00:00', 121, 6.655, 1),
(10189, 17, 57, '1998-10-10 00:00:00', '2008-10-10 00:00:00', 110, 6.05, 1),
(10190, 17, 58, '1998-10-13 00:00:00', '2008-10-13 00:00:00', 123, 6.765, 1),
(10191, 17, 59, '1998-10-13 00:00:00', '2008-10-13 00:00:00', 107.5, 5.9125, 1),
(10192, 17, 60, '1998-11-10 00:00:00', '2008-11-10 00:00:00', 237, 13.035, 1);

-- --------------------------------------------------------

--
-- Structure de la table `ligne_commande`
--

CREATE TABLE IF NOT EXISTS `ligne_commande` (
  `numero` int(11) NOT NULL DEFAULT '0',
  `numero_ligne` smallint(6) NOT NULL DEFAULT '0',
  `reference` varchar(4) CHARACTER SET utf8 DEFAULT NULL,
  `quantite_demandee` smallint(6) DEFAULT '0',
  PRIMARY KEY (`numero`,`numero_ligne`),
  KEY `commandeligne_commande` (`numero`),
  KEY `produitligne_commande` (`reference`)
) ENGINE=InnoDB DEFAULT CHARSET=latin1;

--
-- Contenu de la table `ligne_commande`
--

INSERT INTO `ligne_commande` (`numero`, `numero_ligne`, `reference`, `quantite_demandee`) VALUES
(10178, 1, '4015', 1),
(10178, 2, '4025', 1),
(10178, 3, '4031', 1),
(10178, 4, '4036', 1),
(10178, 5, '4004', 1),
(10178, 6, '4053', 1),
(10178, 7, '4042', 1),
(10179, 1, '4031', 1),
(10179, 2, '4032', 1),
(10179, 3, '4037', 1),
(10179, 4, '4002', 1),
(10179, 5, '4054', 1),
(10179, 6, '4057', 1),
(10179, 7, '1007', 2),
(10180, 1, '4053', 1),
(10180, 2, '4055', 1),
(10180, 3, '3016', 1),
(10181, 1, '4020', 1),
(10181, 2, '4026', 1),
(10181, 3, '4045', 1),
(10181, 4, '4002', 2),
(10181, 5, '4012', 2),
(10181, 6, '4054', 1),
(10182, 1, '4034', 1),
(10182, 2, '4012', 1),
(10182, 3, '4055', 1),
(10182, 4, '4057', 1),
(10183, 1, '4025', 1),
(10183, 2, '4027', 1),
(10183, 3, '4029', 1),
(10183, 4, '4039', 1),
(10183, 5, '4013', 1),
(10184, 1, '4025', 1),
(10184, 2, '4031', 2),
(10184, 3, '4004', 1),
(10185, 1, '4002', 1),
(10186, 1, '1016', 1),
(10186, 2, '3002', 2),
(10187, 1, '4015', 1),
(10187, 2, '4010', 1),
(10187, 3, '4011', 1),
(10188, 1, '1016', 2),
(10188, 2, '4052', 1),
(10188, 3, '1004', 1),
(10189, 1, '1017', 1),
(10189, 2, '4016', 1),
(10189, 3, '4031', 1),
(10189, 4, '4033', 1),
(10190, 1, '3010', 1),
(10190, 2, '4015', 1);

-- --------------------------------------------------------

--
-- Structure de la table `produit`
--

CREATE TABLE IF NOT EXISTS `produit` (
  `reference` varchar(4) CHARACTER SET utf8 NOT NULL COMMENT 'Référence du produit',
  `designation` varchar(30) CHARACTER SET utf8 DEFAULT NULL COMMENT 'Désignation du produit',
  `quantite` int(11) DEFAULT '0' COMMENT 'Poids du produit ou nombre de pièces',
  `descriptif` varchar(1) CHARACTER SET utf8 DEFAULT NULL COMMENT 'Unité de mesure G pour gramme et P pour Pièce',
  `prix_unitaire_HT` double DEFAULT '0' COMMENT 'Prix unitaire hors taxes',
  `stock` smallint(6) DEFAULT '0' COMMENT 'Etat du stock',
  `poids_piece` int(11) DEFAULT '0' COMMENT 'Poids d''une pièce en grammes pour les articles vendus par pièce',
  PRIMARY KEY (`reference`)
) ENGINE=InnoDB DEFAULT CHARSET=latin1;

--
-- Contenu de la table `produit`
--

INSERT INTO `produit` (`reference`, `designation`, `quantite`, `descriptif`, `prix_unitaire_HT`, `stock`, `poids_piece`) VALUES
('1004', 'FEU DE JOIE LIQUEUR ASSORT.', 500, 'G', 23, 50, 0),
('1007', 'TENDRE FRUIT', 500, 'G', 18, 120, 0),
('1015', 'CARACAO', 500, 'G', 24.5, 50, 0),
('1016', 'COKTAIL', 500, 'G', 33, 40, 0),
('1017', 'ORFIN', 500, 'G', 32, 40, 0),
('3002', 'CARRE PECTO', 500, 'G', 29, 40, 0),
('3004', 'ZAN ALESAN', 25, 'P', 15, 50, 20),
('3010', 'PATES GRISES', 500, 'G', 35, 100, 0),
('3016', 'CARAMEL AU LAIT', 500, 'G', 20, 100, 0),
('3017', 'VIOLETTE TRADITION', 500, 'G', 25, 100, 0),
('4002', 'SUCETTE BOULE FRUIT', 25, 'P', 14, 100, 40),
('4004', 'SUCETTE BOULE POP', 25, 'P', 21, 50, 40),
('4010', 'CARAMBAR', 40, 'P', 18, 20, 15),
('4011', 'CARANOUGA', 40, 'P', 18, 100, 15),
('4012', 'CARAMBAR FRUIT', 40, 'P', 18, 100, 15),
('4013', 'CARAMBAR COLA', 40, 'P', 18, 50, 15),
('4015', 'SOURIS REGLISSE', 500, 'G', 24, 50, 0),
('4016', 'SOURIS CHOCO', 500, 'G', 24, 50, 0),
('4019', 'SCHTROUMPFS VERTS', 500, 'G', 24, 50, 0),
('4020', 'CROCODILE', 500, 'G', 21, 50, 0),
('4022', 'PERSICA', 500, 'G', 28, 20, 0),
('4025', 'COLA CITRIQUE', 500, 'G', 21, 50, 0),
('4026', 'COLA LISSE', 500, 'G', 25, 50, 0),
('4027', 'BANANE', 1000, 'G', 23, 20, 0),
('4029', 'OEUF SUR LE PLAT', 500, 'G', 25, 20, 0),
('4030', 'FRAISIBUS', 500, 'G', 25, 50, 0),
('4031', 'FRAISE TSOIN-TSOIN', 500, 'G', 25, 40, 0),
('4032', 'METRE REGLISSE ROULE', 500, 'G', 19, 50, 0),
('4033', 'MAXI COCOBAT', 1000, 'G', 19, 20, 0),
('4034', 'DENTS VAMPIRE', 500, 'G', 22, 50, 0),
('4036', 'LANGUE COLA CITRIQUE', 500, 'G', 21, 40, 0),
('4037', 'OURSON CANDI', 1000, 'G', 21, 50, 0),
('4039', 'SERPENT ACIDULE', 500, 'G', 21, 20, 0),
('4042', 'TETINE CANDI', 500, 'G', 20, 40, 0),
('4045', 'COLLIER PECCOS', 15, 'P', 21, 50, 50),
('4052', 'TWIST ASSORTIS', 500, 'G', 22, 50, 0),
('4053', 'OURSON GUIMAUVE', 500, 'G', 35, 10, 0),
('4054', 'BOULE COCO MULER', 500, 'G', 34, 10, 0),
('4055', 'COCOMALLOW', 500, 'G', 33, 10, 0),
('4057', 'CRIC-CRAC', 500, 'G', 33, 10, 0);

-- --------------------------------------------------------

--
-- Structure de la table `vendeur`
--

CREATE TABLE IF NOT EXISTS `vendeur` (
  `code_v` int(11) NOT NULL DEFAULT '0' COMMENT 'Code du vendeur',
  `nom` varchar(35) CHARACTER SET utf8 DEFAULT NULL COMMENT 'Nom et prénom du vendeur',
  `adresse` varchar(40) CHARACTER SET utf8 DEFAULT NULL COMMENT 'Adresse du vendeur',
  `cp` varchar(5) CHARACTER SET utf8 DEFAULT NULL COMMENT 'Code postal du vendeur',
  `ville` varchar(30) CHARACTER SET utf8 DEFAULT NULL COMMENT 'Ville du vendeur',
  `telephone` varchar(16) CHARACTER SET utf8 DEFAULT NULL COMMENT 'Téléphone principal',
  PRIMARY KEY (`code_v`)
) ENGINE=InnoDB DEFAULT CHARSET=latin1;

--
-- Contenu de la table `vendeur`
--

INSERT INTO `vendeur` (`code_v`, `nom`, `adresse`, `cp`, `ville`, `telephone`) VALUES
(15, 'FILLARD Sylvain', '77 rue du l''Adriatique', '51100', 'REIMS', '03.26.12.25.25'),
(17, 'BAUDOT Marc', '16 rue de Reims', '51000', 'CHALONS EN CHAMPAGNE', '03.26.10.58.59');

/*!40101 SET CHARACTER_SET_CLIENT=@OLD_CHARACTER_SET_CLIENT */;
/*!40101 SET CHARACTER_SET_RESULTS=@OLD_CHARACTER_SET_RESULTS */;
/*!40101 SET COLLATION_CONNECTION=@OLD_COLLATION_CONNECTION */;
